{"modules":{"HUD":{"state":true,"keybind":0},"Tracers":{"state":false,"keybind":0},"Freecam":{"state":false,"keybind":0},"StorageESP":{"state":false,"keybind":0},"AutoCrystal":{"state":false,"keybind":0},"Timer":{"state":false,"keybind":0},"Autolog":{"state":false,"keybind":0},"ESP":{"state":false,"keybind":0},"Sprint":{"state":false,"keybind":37},"Aimbot":{"state":false,"keybind":0},"Criticals":{"state":false,"keybind":0},"ItemESP":{"state":false,"keybind":0},"Autoreconnect":{"state":false,"keybind":0},"Nuker":{"state":false,"keybind":0},"AntiKB":{"state":false,"keybind":0},"Speed":{"state":false,"keybind":0},"Baritone":{"state":false,"keybind":0},"Flight":{"state":false,"keybind":0},"Autototem":{"state":false,"keybind":0},"Fullbright":{"state":false,"keybind":0},"Scaffold":{"state":false,"keybind":0},"NoSlow":{"state":false,"keybind":0},"FancyChat":{"state":false,"keybind":0},"AntiBookBan":{"state":false,"keybind":0},"Elytra+":{"state":false,"keybind":0},"Holefinder":{"state":false,"keybind":0}},"values":{"Elytra+":{},"Flight":{},"Fullbright":{},"AutoCrystal":{},"Scaffold":{},"Autototem":{},"FancyChat":{},"Nuker":{},"Criticals":{},"AntiBookBan":{},"ItemESP":{},"HUD":{},"Baritone":{},"Autoreconnect":{},"NoSlow":{},"Speed":{},"ESP":{},"Autolog":{},"Aimbot":{},"Timer":{},"AntiKB":{},"Holefinder":{},"Freecam":{},"Sprint":{"Smart":false},"StorageESP":{},"Tracers":{}}}